PC-Miler Practical Mileage,Spot Avg Linehaul Rate,Spot Low Linehaul Rate,Spot High Linehaul Rate,Spot Fuel Surcharge,Spot Time Frame,Spot Origin Geo Expansion,Spot Destination Geo Expansion,Spot # of Companies,Spot # of Reports,Spot Your Own Avg Linehaul Rate,Spot Your Own # of Reports,Spot Error,Orig City,Orig State,Orig Postal Code,Dest City,Dest State,Dest Postal Code,Truck Type,ID (or Optional field),Note: Omit the header line when submitting your request
716,0.99,0.90,1.06,0.31,15,10-3-Digit Zip,20-Mkt area,24,65,,,,ATLANTA,GA,,CHICAGO,IL,,V,,
784,1.29,1.03,1.64,0.31,15,10-3-Digit Zip,10-3-Digit Zip,8,32,,,,ATLANTA,GA,,DALLAS,TX,,V,,
2173,1.03,0.86,1.13,0.31,15,10-3-Digit Zip,20-Mkt area,14,34,,,,ATLANTA,GA,,LOS ANGELES,CA,,V,,
758,1.56,1.37,1.73,0.31,15,10-3-Digit Zip,20-Mkt area,12,29,,,,ATLANTA,GA,,PHILADELPHIA,PA,,V,,
2670,1.38,1.28,1.66,0.31,15,20-Mkt area,20-Mkt area,19,63,,,,ATLANTA,GA,,SEATTLE,WA,,V,,
792,1.35,1.21,1.46,0.31,15,10-3-Digit Zip,10-3-Digit Zip,10,51,,,,ATLANTA,GA,,HOUSTON,TX,,V,,
1127,1.05,0.99,1.14,0.31,15,20-Mkt area,20-Mkt area,35,87,,,,ATLANTA,GA,,MINNEAPOLIS,MN,,V,,
379,1.34,1.06,1.53,0.31,15,10-3-Digit Zip,10-3-Digit Zip,20,57,,,,ATLANTA,GA,,MEMPHIS,TN,,V,,
567,1.21,1.02,1.38,0.31,15,10-3-Digit Zip,20-Mkt area,14,35,,,,ATLANTA,GA,,COLUMBUS,OH,,V,,
420,1.39,1.12,1.59,0.31,15,10-3-Digit Zip,10-3-Digit Zip,10,29,,,,ATLANTA,GA,,LOUISVILLE,KY,,V,,
245,2.10,1.93,2.15,0.31,15,10-3-Digit Zip,10-3-Digit Zip,20,61,,,,ATLANTA,GA,,CHARLOTTE,NC,,V,,
722,1.23,1.02,1.32,0.31,15,10-3-Digit Zip,20-Mkt area,12,39,,,,ATLANTA,GA,,DETROIT,MI,,V,,
552,1.15,1.08,1.36,0.31,15,10-3-Digit Zip,20-Mkt area,4,12,,,,ATLANTA,GA,,ST LOUIS,MO,,V,,
661,1.87,1.78,2.50,0.31,15,10-3-Digit Zip,20-Mkt area,8,28,,,,ATLANTA,GA,,BALTIMORE,MD,,V,,
815,0.99,0.84,1.00,0.31,15,10-3-Digit Zip,20-Mkt area,4,11,,,,ATLANTA,GA,,MILWAUKEE,WI,,V,,
345,2.29,2.11,2.59,0.31,15,10-3-Digit Zip,10-3-Digit Zip,18,91,,,,ATLANTA,GA,,JACKSONVILLE,FL,,V,,
467,1.40,1.14,1.55,0.31,15,10-3-Digit Zip,10-3-Digit Zip,7,19,,,,ATLANTA,GA,,NEW ORLEANS,LA,,V,,
716,1.87,1.78,1.93,0.31,15,10-3-Digit Zip,10-3-Digit Zip,7,14,,,,CHICAGO,IL,,ATLANTA,GA,,V,,
928,1.76,1.52,2.18,0.31,15,10-3-Digit Zip,10-3-Digit Zip,13,27,,,,CHICAGO,IL,,DALLAS,TX,,V,,
2025,1.23,1.07,1.53,0.31,15,10-3-Digit Zip,20-Mkt area,23,56,,,,CHICAGO,IL,,LOS ANGELES,CA,,V,,
758,1.90,1.78,2.09,0.31,15,10-3-Digit Zip,20-Mkt area,10,17,,,,CHICAGO,IL,,PHILADELPHIA,PA,,V,,
2064,1.36,1.21,1.50,0.31,15,20-Mkt area,20-Mkt area,34,75,,,,CHICAGO,IL,,SEATTLE,WA,,V,,
1085,1.51,1.35,2.08,0.31,15,10-3-Digit Zip,10-3-Digit Zip,11,28,,,,CHICAGO,IL,,HOUSTON,TX,,V,,
409,1.66,1.55,1.90,0.31,15,10-3-Digit Zip,10-3-Digit Zip,9,28,,,,CHICAGO,IL,,MINNEAPOLIS,MN,,V,,
532,1.45,1.29,1.66,0.31,15,10-3-Digit Zip,10-3-Digit Zip,8,19,,,,CHICAGO,IL,,MEMPHIS,TN,,V,,
352,2.18,1.88,2.39,0.31,15,10-3-Digit Zip,20-Mkt area,19,47,,,,CHICAGO,IL,,COLUMBUS,OH,,V,,
297,2.06,1.86,2.07,0.31,15,10-3-Digit Zip,10-3-Digit Zip,6,16,,,,CHICAGO,IL,,LOUISVILLE,KY,,V,,
770,1.66,1.54,1.77,0.31,15,10-3-Digit Zip,10-3-Digit Zip,10,18,,,,CHICAGO,IL,,CHARLOTTE,NC,,V,,
281,2.73,2.57,3.01,0.31,15,10-3-Digit Zip,10-3-Digit Zip,7,18,,,,CHICAGO,IL,,DETROIT,MI,,V,,
294,2.21,2.09,2.44,0.31,15,10-3-Digit Zip,10-3-Digit Zip,7,11,,,,CHICAGO,IL,,ST LOUIS,MO,,V,,
700,2.20,1.98,2.46,0.31,15,10-3-Digit Zip,20-Mkt area,11,38,,,,CHICAGO,IL,,BALTIMORE,MD,,V,,
94,4.25,3.95,4.49,0.31,15,10-3-Digit Zip,10-3-Digit Zip,6,13,,,,CHICAGO,IL,,MILWAUKEE,WI,,V,,
1065,1.70,1.59,1.83,0.31,15,20-Mkt area,20-Mkt area,26,65,,,,CHICAGO,IL,,JACKSONVILLE,FL,,V,,
923,1.76,1.60,2.03,0.31,15,20-Mkt area,20-Mkt area,27,65,,,,CHICAGO,IL,,NEW ORLEANS,LA,,V,,
784,1.15,0.97,1.27,0.31,15,10-3-Digit Zip,10-3-Digit Zip,7,19,,,,DALLAS,TX,,ATLANTA,GA,,V,,
928,0.88,0.79,0.94,0.31,15,10-3-Digit Zip,20-Mkt area,23,51,,,,DALLAS,TX,,CHICAGO,IL,,V,,
1440,0.90,0.83,0.98,0.31,15,10-3-Digit Zip,20-Mkt area,20,109,,,,DALLAS,TX,,LOS ANGELES,CA,,V,,
1463,1.21,1.00,1.30,0.31,15,10-3-Digit Zip,20-Mkt area,8,20,,,,DALLAS,TX,,PHILADELPHIA,PA,,V,,
2200,1.48,1.41,1.82,0.31,15,10-3-Digit Zip,20-Mkt area,9,33,,,,DALLAS,TX,,SEATTLE,WA,,V,,
241,1.89,1.69,2.18,0.31,15,10-3-Digit Zip,10-3-Digit Zip,49,237,,,,DALLAS,TX,,HOUSTON,TX,,V,,
940,1.07,0.95,1.20,0.31,15,20-Mkt area,20-Mkt area,41,92,,,,DALLAS,TX,,MINNEAPOLIS,MN,,V,,
452,0.93,0.82,1.02,0.31,15,10-3-Digit Zip,10-3-Digit Zip,9,18,,,,DALLAS,TX,,MEMPHIS,TN,,V,,
1040,1.08,1.01,1.27,0.31,15,10-3-Digit Zip,20-Mkt area,11,31,,,,DALLAS,TX,,COLUMBUS,OH,,V,,
836,1.07,0.94,1.18,0.31,15,10-3-Digit Zip,10-3-Digit Zip,4,61,,,,DALLAS,TX,,LOUISVILLE,KY,,V,,
1031,1.12,1.04,1.17,0.31,15,10-3-Digit Zip,20-Mkt area,14,32,,,,DALLAS,TX,,CHARLOTTE,NC,,V,,
1189,1.03,0.90,1.14,0.31,15,10-3-Digit Zip,20-Mkt area,11,40,,,,DALLAS,TX,,DETROIT,MI,,V,,
629,0.92,0.87,1.01,0.31,15,10-3-Digit Zip,20-Mkt area,9,17,,,,DALLAS,TX,,ST LOUIS,MO,,V,,
1366,1.38,1.29,1.44,0.31,15,10-3-Digit Zip,20-Mkt area,9,29,,,,DALLAS,TX,,BALTIMORE,MD,,V,,
1006,0.94,0.80,1.02,0.31,15,10-3-Digit Zip,20-Mkt area,5,11,,,,DALLAS,TX,,MILWAUKEE,WI,,V,,
997,1.47,1.29,1.69,0.31,15,20-Mkt area,20-Mkt area,34,78,,,,DALLAS,TX,,JACKSONVILLE,FL,,V,,
506,1.26,1.24,1.42,0.31,15,10-3-Digit Zip,10-3-Digit Zip,8,12,,,,DALLAS,TX,,NEW ORLEANS,LA,,V,,
2173,1.13,0.96,1.19,0.31,15,10-3-Digit Zip,20-Mkt area,10,20,,,,LOS ANGELES,CA,,ATLANTA,GA,,V,,
2025,1.07,0.80,1.23,0.31,15,10-3-Digit Zip,10-3-Digit Zip,8,11,,,,LOS ANGELES,CA,,CHICAGO,IL,,V,,
1440,1.42,1.09,1.95,0.31,15,10-3-Digit Zip,10-3-Digit Zip,8,13,,,,LOS ANGELES,CA,,DALLAS,TX,,V,,
2724,1.24,1.08,1.37,0.31,15,20-Mkt area,20-Mkt area,23,84,,,,LOS ANGELES,CA,,PHILADELPHIA,PA,,V,,
1135,1.83,1.69,1.87,0.31,15,10-3-Digit Zip,20-Mkt area,17,68,,,,LOS ANGELES,CA,,SEATTLE,WA,,V,,
1545,1.14,0.97,1.31,0.31,15,10-3-Digit Zip,10-3-Digit Zip,8,22,,,,LOS ANGELES,CA,,HOUSTON,TX,,V,,
1926,1.30,1.10,1.44,0.31,15,20-Mkt area,20-Mkt area,24,75,,,,LOS ANGELES,CA,,MINNEAPOLIS,MN,,V,,
1793,1.30,1.14,1.41,0.31,15,20-Mkt area,20-Mkt area,24,93,,,,LOS ANGELES,CA,,MEMPHIS,TN,,V,,
2250,1.29,1.15,1.53,0.31,15,20-Mkt area,20-Mkt area,30,313,,,,LOS ANGELES,CA,,COLUMBUS,OH,,V,,
2096,1.03,0.88,1.23,0.31,15,20-Mkt area,20-Mkt area,23,67,,,,LOS ANGELES,CA,,LOUISVILLE,KY,,V,,
2412,1.12,1.03,1.24,0.31,15,20-Mkt area,20-Mkt area,24,64,,,,LOS ANGELES,CA,,CHARLOTTE,NC,,V,,
2280,1.09,0.96,1.23,0.31,15,20-Mkt area,20-Mkt area,23,112,,,,LOS ANGELES,CA,,DETROIT,MI,,V,,
1827,1.24,1.06,1.46,0.31,15,20-Mkt area,20-Mkt area,19,74,,,,LOS ANGELES,CA,,ST LOUIS,MO,,V,,
2656,1.16,0.92,1.45,0.31,15,20-Mkt area,20-Mkt area,22,40,,,,LOS ANGELES,CA,,BALTIMORE,MD,,V,,
2055,0.93,0.82,0.96,0.31,15,20-Mkt area,20-Mkt area,16,30,,,,LOS ANGELES,CA,,MILWAUKEE,WI,,V,,
2414,1.19,1.07,1.31,0.31,15,20-Mkt area,20-Mkt area,13,26,,,,LOS ANGELES,CA,,JACKSONVILLE,FL,,V,,
1891,1.23,1.10,1.38,0.31,15,20-Mkt area,20-Mkt area,11,20,,,,LOS ANGELES,CA,,NEW ORLEANS,LA,,V,,
758,1.30,1.19,1.45,0.31,15,10-3-Digit Zip,10-3-Digit Zip,7,22,,,,PHILADELPHIA,PA,,ATLANTA,GA,,V,,
758,1.06,0.99,1.12,0.31,15,10-3-Digit Zip,20-Mkt area,10,28,,,,PHILADELPHIA,PA,,CHICAGO,IL,,V,,
1463,1.12,1.04,1.27,0.31,15,20-Mkt area,20-Mkt area,40,156,,,,PHILADELPHIA,PA,,DALLAS,TX,,V,,
2724,0.88,0.79,0.98,0.31,15,20-Mkt area,20-Mkt area,24,94,,,,PHILADELPHIA,PA,,LOS ANGELES,CA,,V,,
2827,1.44,1.25,1.58,0.31,15,20-Mkt area,20-Mkt area,6,10,,,,PHILADELPHIA,PA,,SEATTLE,WA,,V,,
1543,1.10,0.98,1.20,0.31,15,20-Mkt area,20-Mkt area,13,38,,,,PHILADELPHIA,PA,,HOUSTON,TX,,V,,
1172,1.05,0.95,1.15,0.31,15,20-Mkt area,20-Mkt area,19,52,,,,PHILADELPHIA,PA,,MINNEAPOLIS,MN,,V,,
1008,0.97,0.86,1.07,0.31,15,20-Mkt area,20-Mkt area,23,42,,,,PHILADELPHIA,PA,,MEMPHIS,TN,,V,,
469,1.10,0.90,1.27,0.31,15,10-3-Digit Zip,20-Mkt area,6,13,,,,PHILADELPHIA,PA,,COLUMBUS,OH,,V,,
672,1.13,0.96,1.25,0.31,15,20-Mkt area,20-Mkt area,24,71,,,,PHILADELPHIA,PA,,LOUISVILLE,KY,,V,,
519,1.18,1.04,1.25,0.31,15,10-3-Digit Zip,20-Mkt area,9,12,,,,PHILADELPHIA,PA,,CHARLOTTE,NC,,V,,
584,1.15,1.10,1.54,0.31,15,10-3-Digit Zip,20-Mkt area,7,59,,,,PHILADELPHIA,PA,,DETROIT,MI,,V,,
914,1.11,1.03,1.21,0.31,15,20-Mkt area,20-Mkt area,18,35,,,,PHILADELPHIA,PA,,ST LOUIS,MO,,V,,
97,4.90,4.43,5.33,0.31,15,20-Mkt area,20-Mkt area,42,126,,,,PHILADELPHIA,PA,,BALTIMORE,MD,,V,,
851,1.09,0.95,1.20,0.31,15,20-Mkt area,20-Mkt area,27,66,,,,PHILADELPHIA,PA,,MILWAUKEE,WI,,V,,
853,1.63,1.46,1.74,0.31,15,20-Mkt area,20-Mkt area,16,30,,,,PHILADELPHIA,PA,,JACKSONVILLE,FL,,V,,
1219,1.27,1.12,1.43,0.31,15,20-Mkt area,20-Mkt area,10,17,,,,PHILADELPHIA,PA,,NEW ORLEANS,LA,,V,,
2670,1.06,0.87,1.21,0.31,15,20-Mkt area,20-Mkt area,11,17,,,,SEATTLE,WA,,ATLANTA,GA,,V,,
2064,0.92,0.91,0.93,0.31,15,10-3-Digit Zip,20-Mkt area,5,31,,,,SEATTLE,WA,,CHICAGO,IL,,V,,
2200,1.20,1.04,1.40,0.31,15,20-Mkt area,20-Mkt area,23,64,,,,SEATTLE,WA,,DALLAS,TX,,V,,
1135,0.86,0.78,1.02,0.31,15,10-3-Digit Zip,20-Mkt area,10,40,,,,SEATTLE,WA,,LOS ANGELES,CA,,V,,
2827,1.22,1.14,1.32,0.31,15,20-Mkt area,30-X-Mkt area,13,27,,,,SEATTLE,WA,,PHILADELPHIA,PA,,V,,
2440,1.11,1.02,1.18,0.31,15,20-Mkt area,20-Mkt area,4,10,,,,SEATTLE,WA,,HOUSTON,TX,,V,,
1656,1.13,1.01,1.17,0.31,15,20-Mkt area,20-Mkt area,8,21,,,,SEATTLE,WA,,MINNEAPOLIS,MN,,V,,
2385,1.38,1.14,1.57,0.31,15,20-Mkt area,20-Mkt area,6,18,,,,SEATTLE,WA,,MEMPHIS,TN,,V,,
2419,1.08,0.99,1.18,0.31,15,20-Mkt area,20-Mkt area,5,18,,,,SEATTLE,WA,,COLUMBUS,OH,,V,,
2363,1.51,1.50,1.55,0.31,15,20-Mkt area,30-X-Mkt area,3,18,,,,SEATTLE,WA,,LOUISVILLE,KY,,V,,
2836,1.11,0.97,1.20,0.31,15,20-Mkt area,20-Mkt area,3,9,,,,SEATTLE,WA,,CHARLOTTE,NC,,V,,
2350,1.05,0.75,1.13,0.31,15,20-Mkt area,20-Mkt area,5,8,,,,SEATTLE,WA,,DETROIT,MI,,V,,
2049,1.15,1.14,1.21,0.31,15,20-Mkt area,20-Mkt area,5,13,,,,SEATTLE,WA,,ST LOUIS,MO,,V,,
2767,1.24,1.19,1.30,0.31,30,20-Mkt area,20-Mkt area,6,11,,,,SEATTLE,WA,,BALTIMORE,MD,,V,,
1991,0.94,0.76,1.04,0.31,15,20-Mkt area,30-X-Mkt area,9,21,,,,SEATTLE,WA,,MILWAUKEE,WI,,V,,
3020,1.10,0.99,1.13,0.31,30,20-Mkt area,20-Mkt area,5,11,,,,SEATTLE,WA,,JACKSONVILLE,FL,,V,,
2703,1.15,1.02,1.25,0.31,15,30-X-Mkt area,40-Region,57,170,,,,SEATTLE,WA,,NEW ORLEANS,LA,,V,,
792,1.46,1.19,1.64,0.31,15,10-3-Digit Zip,10-3-Digit Zip,18,35,,,,HOUSTON,TX,,ATLANTA,GA,,V,,
1085,0.97,0.82,1.08,0.31,15,10-3-Digit Zip,10-3-Digit Zip,8,11,,,,HOUSTON,TX,,CHICAGO,IL,,V,,
241,1.83,1.57,2.17,0.31,15,10-3-Digit Zip,10-3-Digit Zip,38,211,,,,HOUSTON,TX,,DALLAS,TX,,V,,
1545,1.04,0.94,1.16,0.31,15,10-3-Digit Zip,20-Mkt area,37,106,,,,HOUSTON,TX,,LOS ANGELES,CA,,V,,
1543,1.54,1.28,1.80,0.31,15,10-3-Digit Zip,20-Mkt area,13,31,,,,HOUSTON,TX,,PHILADELPHIA,PA,,V,,
2440,1.52,1.41,1.61,0.31,15,20-Mkt area,20-Mkt area,15,24,,,,HOUSTON,TX,,SEATTLE,WA,,V,,
1179,1.24,1.09,1.34,0.31,15,10-3-Digit Zip,20-Mkt area,10,28,,,,HOUSTON,TX,,MINNEAPOLIS,MN,,V,,
572,1.07,0.92,1.19,0.31,15,10-3-Digit Zip,10-3-Digit Zip,14,27,,,,HOUSTON,TX,,MEMPHIS,TN,,V,,
1159,1.22,1.10,1.34,0.31,15,10-3-Digit Zip,20-Mkt area,16,53,,,,HOUSTON,TX,,COLUMBUS,OH,,V,,
955,1.31,1.00,1.52,0.31,15,10-3-Digit Zip,20-Mkt area,11,24,,,,HOUSTON,TX,,LOUISVILLE,KY,,V,,
1039,1.32,1.19,1.43,0.31,15,10-3-Digit Zip,10-3-Digit Zip,14,36,,,,HOUSTON,TX,,CHARLOTTE,NC,,V,,
1309,1.29,1.09,1.48,0.31,15,10-3-Digit Zip,20-Mkt area,13,53,,,,HOUSTON,TX,,DETROIT,MI,,V,,
782,1.23,0.99,1.27,0.31,15,10-3-Digit Zip,20-Mkt area,20,41,,,,HOUSTON,TX,,ST LOUIS,MO,,V,,
1445,1.45,1.38,1.67,0.31,15,10-3-Digit Zip,20-Mkt area,11,21,,,,HOUSTON,TX,,BALTIMORE,MD,,V,,
1177,1.19,1.08,1.28,0.31,15,10-3-Digit Zip,20-Mkt area,9,15,,,,HOUSTON,TX,,MILWAUKEE,WI,,V,,
870,1.77,1.66,1.89,0.31,15,10-3-Digit Zip,10-3-Digit Zip,10,32,,,,HOUSTON,TX,,JACKSONVILLE,FL,,V,,
348,1.68,1.49,1.74,0.31,15,10-3-Digit Zip,10-3-Digit Zip,13,48,,,,HOUSTON,TX,,NEW ORLEANS,LA,,V,,
1127,1.54,1.40,1.66,0.31,15,10-3-Digit Zip,20-Mkt area,6,12,,,,MINNEAPOLIS,MN,,ATLANTA,GA,,V,,
409,1.66,1.57,1.72,0.31,15,10-3-Digit Zip,10-3-Digit Zip,10,16,,,,MINNEAPOLIS,MN,,CHICAGO,IL,,V,,
940,1.70,1.57,1.79,0.31,15,10-3-Digit Zip,20-Mkt area,7,18,,,,MINNEAPOLIS,MN,,DALLAS,TX,,V,,
1926,1.48,1.47,1.53,0.31,15,10-3-Digit Zip,20-Mkt area,7,25,,,,MINNEAPOLIS,MN,,LOS ANGELES,CA,,V,,
1172,1.69,1.56,2.04,0.31,15,20-Mkt area,20-Mkt area,15,23,,,,MINNEAPOLIS,MN,,PHILADELPHIA,PA,,V,,
1656,1.75,1.62,1.94,0.31,15,20-Mkt area,20-Mkt area,11,28,,,,MINNEAPOLIS,MN,,SEATTLE,WA,,V,,
1179,1.61,1.48,1.78,0.31,15,20-Mkt area,20-Mkt area,19,37,,,,MINNEAPOLIS,MN,,HOUSTON,TX,,V,,
827,1.64,1.41,1.84,0.31,15,20-Mkt area,20-Mkt area,16,33,,,,MINNEAPOLIS,MN,,MEMPHIS,TN,,V,,
764,1.67,1.56,1.77,0.31,15,10-3-Digit Zip,20-Mkt area,8,18,,,,MINNEAPOLIS,MN,,COLUMBUS,OH,,V,,
708,1.75,1.67,1.76,0.31,15,10-3-Digit Zip,20-Mkt area,4,12,,,,MINNEAPOLIS,MN,,LOUISVILLE,KY,,V,,
1182,1.53,1.39,1.63,0.31,15,20-Mkt area,20-Mkt area,18,68,,,,MINNEAPOLIS,MN,,CHARLOTTE,NC,,V,,
695,1.72,1.50,1.84,0.31,15,10-3-Digit Zip,20-Mkt area,7,14,,,,MINNEAPOLIS,MN,,DETROIT,MI,,V,,
544,1.73,1.59,1.79,0.31,15,10-3-Digit Zip,20-Mkt area,6,18,,,,MINNEAPOLIS,MN,,ST LOUIS,MO,,V,,
1112,1.87,1.79,2.05,0.31,15,20-Mkt area,20-Mkt area,11,30,,,,MINNEAPOLIS,MN,,BALTIMORE,MD,,V,,
336,1.95,1.66,2.28,0.31,15,10-3-Digit Zip,10-3-Digit Zip,6,15,,,,MINNEAPOLIS,MN,,MILWAUKEE,WI,,V,,
1476,2.05,1.83,2.24,0.31,15,20-Mkt area,20-Mkt area,5,8,,,,MINNEAPOLIS,MN,,JACKSONVILLE,FL,,V,,
1219,1.41,1.08,1.64,0.31,15,20-Mkt area,20-Mkt area,4,7,,,,MINNEAPOLIS,MN,,NEW ORLEANS,LA,,V,,
379,2.09,1.78,2.34,0.31,15,10-3-Digit Zip,10-3-Digit Zip,15,35,,,,MEMPHIS,TN,,ATLANTA,GA,,V,,
532,1.48,1.38,1.62,0.31,15,10-3-Digit Zip,20-Mkt area,35,117,,,,MEMPHIS,TN,,CHICAGO,IL,,V,,
452,1.94,1.73,2.09,0.31,15,10-3-Digit Zip,10-3-Digit Zip,8,26,,,,MEMPHIS,TN,,DALLAS,TX,,V,,
1793,1.22,1.11,1.36,0.31,15,10-3-Digit Zip,20-Mkt area,18,78,,,,MEMPHIS,TN,,LOS ANGELES,CA,,V,,
1008,1.95,1.79,2.13,0.31,15,10-3-Digit Zip,20-Mkt area,9,25,,,,MEMPHIS,TN,,PHILADELPHIA,PA,,V,,
2385,1.73,1.68,2.01,0.31,15,10-3-Digit Zip,20-Mkt area,4,18,,,,MEMPHIS,TN,,SEATTLE,WA,,V,,
572,1.75,1.47,2.06,0.31,15,10-3-Digit Zip,10-3-Digit Zip,10,43,,,,MEMPHIS,TN,,HOUSTON,TX,,V,,
827,1.67,1.59,1.76,0.31,15,10-3-Digit Zip,20-Mkt area,9,22,,,,MEMPHIS,TN,,MINNEAPOLIS,MN,,V,,
585,1.69,1.49,1.72,0.31,15,10-3-Digit Zip,10-3-Digit Zip,8,16,,,,MEMPHIS,TN,,COLUMBUS,OH,,V,,
381,1.97,1.63,2.14,0.31,15,10-3-Digit Zip,10-3-Digit Zip,11,16,,,,MEMPHIS,TN,,LOUISVILLE,KY,,V,,
617,1.69,1.41,1.96,0.31,15,10-3-Digit Zip,10-3-Digit Zip,7,35,,,,MEMPHIS,TN,,CHARLOTTE,NC,,V,,
739,1.84,1.60,2.26,0.31,15,10-3-Digit Zip,20-Mkt area,15,47,,,,MEMPHIS,TN,,DETROIT,MI,,V,,
284,1.77,1.57,1.91,0.31,15,10-3-Digit Zip,10-3-Digit Zip,10,15,,,,MEMPHIS,TN,,ST LOUIS,MO,,V,,
910,2.21,2.09,2.52,0.31,15,10-3-Digit Zip,20-Mkt area,8,48,,,,MEMPHIS,TN,,BALTIMORE,MD,,V,,
623,1.61,1.42,1.99,0.31,15,10-3-Digit Zip,20-Mkt area,7,25,,,,MEMPHIS,TN,,MILWAUKEE,WI,,V,,
690,2.09,1.91,2.30,0.31,15,10-3-Digit Zip,10-3-Digit Zip,12,29,,,,MEMPHIS,TN,,JACKSONVILLE,FL,,V,,
395,1.74,1.56,1.98,0.31,15,10-3-Digit Zip,20-Mkt area,7,26,,,,MEMPHIS,TN,,NEW ORLEANS,LA,,V,,
567,2.29,2.28,2.38,0.31,15,10-3-Digit Zip,10-3-Digit Zip,3,39,,,,COLUMBUS,OH,,ATLANTA,GA,,V,,
352,1.53,1.41,1.72,0.31,15,10-3-Digit Zip,10-3-Digit Zip,8,18,,,,COLUMBUS,OH,,CHICAGO,IL,,V,,
1040,1.70,1.69,1.71,0.31,15,10-3-Digit Zip,10-3-Digit Zip,3,40,,,,COLUMBUS,OH,,DALLAS,TX,,V,,
2250,1.04,0.93,1.11,0.31,15,10-3-Digit Zip,20-Mkt area,8,19,,,,COLUMBUS,OH,,LOS ANGELES,CA,,V,,
469,2.36,2.00,2.61,0.31,15,10-3-Digit Zip,20-Mkt area,14,42,,,,COLUMBUS,OH,,PHILADELPHIA,PA,,V,,
2419,1.52,1.39,1.76,0.31,15,20-Mkt area,20-Mkt area,17,32,,,,COLUMBUS,OH,,SEATTLE,WA,,V,,
1159,1.46,1.35,1.59,0.31,15,10-3-Digit Zip,10-3-Digit Zip,8,41,,,,COLUMBUS,OH,,HOUSTON,TX,,V,,
764,1.27,1.15,1.38,0.31,15,10-3-Digit Zip,20-Mkt area,9,20,,,,COLUMBUS,OH,,MINNEAPOLIS,MN,,V,,
585,1.34,1.18,1.52,0.31,15,10-3-Digit Zip,20-Mkt area,8,21,,,,COLUMBUS,OH,,MEMPHIS,TN,,V,,
206,2.38,2.12,2.38,0.31,15,10-3-Digit Zip,10-3-Digit Zip,11,44,,,,COLUMBUS,OH,,LOUISVILLE,KY,,V,,
426,1.84,1.74,1.92,0.31,15,10-3-Digit Zip,10-3-Digit Zip,5,14,,,,COLUMBUS,OH,,CHARLOTTE,NC,,V,,
203,2.60,2.48,2.90,0.31,15,10-3-Digit Zip,10-3-Digit Zip,4,22,,,,COLUMBUS,OH,,DETROIT,MI,,V,,
418,1.60,1.44,1.73,0.31,15,10-3-Digit Zip,20-Mkt area,7,20,,,,COLUMBUS,OH,,ST LOUIS,MO,,V,,
399,2.72,2.37,3.27,0.31,15,10-3-Digit Zip,20-Mkt area,10,32,,,,COLUMBUS,OH,,BALTIMORE,MD,,V,,
452,1.16,1.13,1.17,0.31,15,10-3-Digit Zip,10-3-Digit Zip,4,14,,,,COLUMBUS,OH,,MILWAUKEE,WI,,V,,
808,1.96,1.74,2.18,0.31,15,20-Mkt area,20-Mkt area,19,61,,,,COLUMBUS,OH,,JACKSONVILLE,FL,,V,,
909,1.59,1.46,1.76,0.31,15,20-Mkt area,20-Mkt area,17,37,,,,COLUMBUS,OH,,NEW ORLEANS,LA,,V,,
420,1.92,1.60,2.36,0.31,15,10-3-Digit Zip,10-3-Digit Zip,5,12,,,,LOUISVILLE,KY,,ATLANTA,GA,,V,,
297,1.85,1.65,2.05,0.31,15,10-3-Digit Zip,20-Mkt area,35,75,,,,LOUISVILLE,KY,,CHICAGO,IL,,V,,
836,1.88,1.56,1.92,0.31,15,10-3-Digit Zip,10-3-Digit Zip,3,13,,,,LOUISVILLE,KY,,DALLAS,TX,,V,,
2096,1.11,1.02,1.17,0.31,15,10-3-Digit Zip,20-Mkt area,10,17,,,,LOUISVILLE,KY,,LOS ANGELES,CA,,V,,
672,2.30,2.12,2.55,0.31,15,10-3-Digit Zip,20-Mkt area,14,35,,,,LOUISVILLE,KY,,PHILADELPHIA,PA,,V,,
2363,1.38,1.25,1.49,0.31,15,20-Mkt area,20-Mkt area,10,17,,,,LOUISVILLE,KY,,SEATTLE,WA,,V,,
955,1.66,1.58,1.85,0.31,15,10-3-Digit Zip,20-Mkt area,9,28,,,,LOUISVILLE,KY,,HOUSTON,TX,,V,,
708,1.35,1.19,1.48,0.31,15,20-Mkt area,20-Mkt area,14,33,,,,LOUISVILLE,KY,,MINNEAPOLIS,MN,,V,,
381,1.68,1.46,2.02,0.31,15,10-3-Digit Zip,10-3-Digit Zip,9,23,,,,LOUISVILLE,KY,,MEMPHIS,TN,,V,,
206,2.81,2.27,3.49,0.31,15,10-3-Digit Zip,20-Mkt area,19,42,,,,LOUISVILLE,KY,,COLUMBUS,OH,,V,,
474,1.94,1.70,2.07,0.31,15,10-3-Digit Zip,20-Mkt area,19,39,,,,LOUISVILLE,KY,,CHARLOTTE,NC,,V,,
361,1.67,1.38,1.76,0.31,15,10-3-Digit Zip,20-Mkt area,16,50,,,,LOUISVILLE,KY,,DETROIT,MI,,V,,
266,1.86,1.73,2.06,0.31,15,10-3-Digit Zip,20-Mkt area,13,33,,,,LOUISVILLE,KY,,ST LOUIS,MO,,V,,
609,2.28,2.09,2.47,0.31,15,10-3-Digit Zip,20-Mkt area,13,24,,,,LOUISVILLE,KY,,BALTIMORE,MD,,V,,
396,1.62,1.35,1.64,0.31,15,10-3-Digit Zip,20-Mkt area,7,18,,,,LOUISVILLE,KY,,MILWAUKEE,WI,,V,,
770,1.86,1.78,1.99,0.31,15,10-3-Digit Zip,10-3-Digit Zip,5,28,,,,LOUISVILLE,KY,,JACKSONVILLE,FL,,V,,
705,1.86,1.72,2.04,0.31,15,20-Mkt area,20-Mkt area,7,19,,,,LOUISVILLE,KY,,NEW ORLEANS,LA,,V,,
245,1.97,1.77,1.97,0.31,15,10-3-Digit Zip,10-3-Digit Zip,12,39,,,,CHARLOTTE,NC,,ATLANTA,GA,,V,,
770,1.13,1.01,1.30,0.31,15,10-3-Digit Zip,20-Mkt area,15,36,,,,CHARLOTTE,NC,,CHICAGO,IL,,V,,
1031,1.29,1.17,1.41,0.31,15,10-3-Digit Zip,20-Mkt area,14,39,,,,CHARLOTTE,NC,,DALLAS,TX,,V,,
2412,1.17,1.02,1.52,0.31,15,10-3-Digit Zip,20-Mkt area,7,17,,,,CHARLOTTE,NC,,LOS ANGELES,CA,,V,,
519,1.78,1.64,1.99,0.31,15,10-3-Digit Zip,20-Mkt area,12,31,,,,CHARLOTTE,NC,,PHILADELPHIA,PA,,V,,
2836,1.71,1.33,2.32,0.31,15,10-3-Digit Zip,20-Mkt area,6,12,,,,CHARLOTTE,NC,,SEATTLE,WA,,V,,
1039,1.28,1.23,1.34,0.31,15,10-3-Digit Zip,10-3-Digit Zip,7,19,,,,CHARLOTTE,NC,,HOUSTON,TX,,V,,
1182,1.13,1.01,1.18,0.31,15,10-3-Digit Zip,20-Mkt area,6,13,,,,CHARLOTTE,NC,,MINNEAPOLIS,MN,,V,,
617,1.10,0.83,1.38,0.31,15,10-3-Digit Zip,10-3-Digit Zip,4,14,,,,CHARLOTTE,NC,,MEMPHIS,TN,,V,,
426,1.43,1.26,1.63,0.31,15,10-3-Digit Zip,20-Mkt area,12,36,,,,CHARLOTTE,NC,,COLUMBUS,OH,,V,,
474,1.38,1.15,1.59,0.31,15,10-3-Digit Zip,20-Mkt area,9,17,,,,CHARLOTTE,NC,,LOUISVILLE,KY,,V,,
629,1.38,1.26,1.51,0.31,15,20-Mkt area,20-Mkt area,40,150,,,,CHARLOTTE,NC,,DETROIT,MI,,V,,
713,1.24,1.23,1.32,0.31,15,20-Mkt area,20-Mkt area,25,101,,,,CHARLOTTE,NC,,ST LOUIS,MO,,V,,
422,1.75,1.26,1.98,0.31,15,10-3-Digit Zip,10-3-Digit Zip,5,14,,,,CHARLOTTE,NC,,BALTIMORE,MD,,V,,
869,1.23,1.09,1.35,0.31,15,20-Mkt area,20-Mkt area,23,59,,,,CHARLOTTE,NC,,MILWAUKEE,WI,,V,,
385,2.18,1.77,2.55,0.31,15,10-3-Digit Zip,10-3-Digit Zip,6,11,,,,CHARLOTTE,NC,,JACKSONVILLE,FL,,V,,
716,1.42,1.32,1.48,0.31,15,10-3-Digit Zip,20-Mkt area,10,16,,,,CHARLOTTE,NC,,NEW ORLEANS,LA,,V,,
722,1.69,1.52,1.87,0.31,15,20-Mkt area,20-Mkt area,42,127,,,,DETROIT,MI,,ATLANTA,GA,,V,,
281,1.80,1.47,2.10,0.31,15,10-3-Digit Zip,10-3-Digit Zip,5,12,,,,DETROIT,MI,,CHICAGO,IL,,V,,
1189,1.40,1.27,1.58,0.31,15,10-3-Digit Zip,20-Mkt area,5,17,,,,DETROIT,MI,,DALLAS,TX,,V,,
2280,1.13,0.99,1.19,0.31,15,20-Mkt area,20-Mkt area,22,45,,,,DETROIT,MI,,LOS ANGELES,CA,,V,,
584,2.45,2.14,2.70,0.31,15,20-Mkt area,20-Mkt area,19,71,,,,DETROIT,MI,,PHILADELPHIA,PA,,V,,
2350,1.35,1.21,1.50,0.31,15,20-Mkt area,20-Mkt area,9,13,,,,DETROIT,MI,,SEATTLE,WA,,V,,
1309,1.41,1.23,1.57,0.31,15,20-Mkt area,20-Mkt area,19,67,,,,DETROIT,MI,,HOUSTON,TX,,V,,
695,1.36,1.25,1.47,0.31,15,20-Mkt area,20-Mkt area,19,60,,,,DETROIT,MI,,MINNEAPOLIS,MN,,V,,
739,1.43,1.22,1.71,0.31,15,10-3-Digit Zip,20-Mkt area,4,18,,,,DETROIT,MI,,MEMPHIS,TN,,V,,
203,2.12,1.95,2.40,0.31,15,10-3-Digit Zip,20-Mkt area,11,40,,,,DETROIT,MI,,COLUMBUS,OH,,V,,
361,1.76,1.75,1.93,0.31,15,10-3-Digit Zip,20-Mkt area,7,24,,,,DETROIT,MI,,LOUISVILLE,KY,,V,,
629,1.93,1.59,2.85,0.31,15,10-3-Digit Zip,20-Mkt area,4,15,,,,DETROIT,MI,,CHARLOTTE,NC,,V,,
532,1.50,1.42,1.59,0.31,15,20-Mkt area,20-Mkt area,21,72,,,,DETROIT,MI,,ST LOUIS,MO,,V,,
525,2.42,2.14,2.74,0.31,15,20-Mkt area,20-Mkt area,23,70,,,,DETROIT,MI,,BALTIMORE,MD,,V,,
384,1.52,1.35,1.63,0.31,15,10-3-Digit Zip,20-Mkt area,9,33,,,,DETROIT,MI,,MILWAUKEE,WI,,V,,
1001,1.80,1.64,2.05,0.31,15,20-Mkt area,20-Mkt area,5,13,,,,DETROIT,MI,,JACKSONVILLE,FL,,V,,
1064,1.51,1.40,1.65,0.31,15,20-Mkt area,20-Mkt area,12,21,,,,DETROIT,MI,,NEW ORLEANS,LA,,V,,
552,1.89,1.69,2.11,0.31,15,10-3-Digit Zip,20-Mkt area,13,27,,,,ST LOUIS,MO,,ATLANTA,GA,,V,,
294,1.78,1.76,1.91,0.31,15,10-3-Digit Zip,10-3-Digit Zip,6,31,,,,ST LOUIS,MO,,CHICAGO,IL,,V,,
629,1.78,1.62,2.01,0.31,15,10-3-Digit Zip,20-Mkt area,18,30,,,,ST LOUIS,MO,,DALLAS,TX,,V,,
1827,1.42,1.28,1.47,0.31,15,10-3-Digit Zip,20-Mkt area,6,35,,,,ST LOUIS,MO,,LOS ANGELES,CA,,V,,
914,2.08,2.07,2.30,0.31,15,10-3-Digit Zip,20-Mkt area,6,14,,,,ST LOUIS,MO,,PHILADELPHIA,PA,,V,,
2049,1.74,1.63,1.87,0.31,15,20-Mkt area,20-Mkt area,14,37,,,,ST LOUIS,MO,,SEATTLE,WA,,V,,
782,1.61,1.53,2.01,0.31,15,10-3-Digit Zip,10-3-Digit Zip,8,12,,,,ST LOUIS,MO,,HOUSTON,TX,,V,,
544,1.68,1.62,1.80,0.31,15,10-3-Digit Zip,20-Mkt area,8,27,,,,ST LOUIS,MO,,MINNEAPOLIS,MN,,V,,
284,2.65,2.52,2.88,0.31,15,10-3-Digit Zip,10-3-Digit Zip,7,26,,,,ST LOUIS,MO,,MEMPHIS,TN,,V,,
418,2.05,1.70,2.24,0.31,15,10-3-Digit Zip,20-Mkt area,8,17,,,,ST LOUIS,MO,,COLUMBUS,OH,,V,,
266,2.04,1.77,2.37,0.31,15,10-3-Digit Zip,20-Mkt area,4,14,,,,ST LOUIS,MO,,LOUISVILLE,KY,,V,,
713,1.71,1.65,1.72,0.31,15,10-3-Digit Zip,20-Mkt area,4,11,,,,ST LOUIS,MO,,CHARLOTTE,NC,,V,,
532,1.89,1.70,2.00,0.31,15,10-3-Digit Zip,20-Mkt area,9,12,,,,ST LOUIS,MO,,DETROIT,MI,,V,,
813,2.05,1.80,2.30,0.31,15,20-Mkt area,20-Mkt area,8,12,,,,ST LOUIS,MO,,BALTIMORE,MD,,V,,
376,1.66,1.42,2.00,0.31,15,10-3-Digit Zip,20-Mkt area,4,33,,,,ST LOUIS,MO,,MILWAUKEE,WI,,V,,
901,2.17,2.01,2.52,0.31,15,20-Mkt area,20-Mkt area,14,36,,,,ST LOUIS,MO,,JACKSONVILLE,FL,,V,,
676,2.02,1.79,2.29,0.31,15,20-Mkt area,20-Mkt area,15,43,,,,ST LOUIS,MO,,NEW ORLEANS,LA,,V,,
661,1.29,1.12,1.37,0.31,15,10-3-Digit Zip,20-Mkt area,15,35,,,,BALTIMORE,MD,,ATLANTA,GA,,V,,
700,1.12,0.99,1.33,0.31,15,10-3-Digit Zip,10-3-Digit Zip,8,18,,,,BALTIMORE,MD,,CHICAGO,IL,,V,,
1366,1.07,0.99,1.16,0.31,15,10-3-Digit Zip,20-Mkt area,9,11,,,,BALTIMORE,MD,,DALLAS,TX,,V,,
2656,0.90,0.81,0.99,0.31,15,20-Mkt area,20-Mkt area,17,46,,,,BALTIMORE,MD,,LOS ANGELES,CA,,V,,
97,5.63,4.85,5.88,0.31,15,10-3-Digit Zip,10-3-Digit Zip,6,11,,,,BALTIMORE,MD,,PHILADELPHIA,PA,,V,,
2767,1.11,1.00,1.24,0.31,15,20-Mkt area,20-Mkt area,7,8,,,,BALTIMORE,MD,,SEATTLE,WA,,V,,
1445,1.19,1.04,1.23,0.31,15,20-Mkt area,20-Mkt area,10,24,,,,BALTIMORE,MD,,HOUSTON,TX,,V,,
1112,1.10,1.03,1.15,0.31,15,10-3-Digit Zip,20-Mkt area,7,18,,,,BALTIMORE,MD,,MINNEAPOLIS,MN,,V,,
910,0.98,0.94,1.04,0.31,15,10-3-Digit Zip,20-Mkt area,7,11,,,,BALTIMORE,MD,,MEMPHIS,TN,,V,,
399,1.33,1.21,1.49,0.31,15,10-3-Digit Zip,20-Mkt area,18,69,,,,BALTIMORE,MD,,COLUMBUS,OH,,V,,
609,1.16,1.12,1.22,0.31,15,10-3-Digit Zip,20-Mkt area,13,42,,,,BALTIMORE,MD,,LOUISVILLE,KY,,V,,
422,1.26,1.10,1.46,0.31,15,10-3-Digit Zip,20-Mkt area,17,44,,,,BALTIMORE,MD,,CHARLOTTE,NC,,V,,
525,1.29,1.22,1.35,0.31,15,10-3-Digit Zip,20-Mkt area,14,38,,,,BALTIMORE,MD,,DETROIT,MI,,V,,
813,1.09,0.99,1.13,0.31,15,10-3-Digit Zip,20-Mkt area,11,17,,,,BALTIMORE,MD,,ST LOUIS,MO,,V,,
792,1.08,0.97,1.22,0.31,15,10-3-Digit Zip,20-Mkt area,15,41,,,,BALTIMORE,MD,,MILWAUKEE,WI,,V,,
756,1.51,1.34,1.64,0.31,15,20-Mkt area,20-Mkt area,13,25,,,,BALTIMORE,MD,,JACKSONVILLE,FL,,V,,
1121,1.24,1.11,1.36,0.31,15,20-Mkt area,20-Mkt area,11,17,,,,BALTIMORE,MD,,NEW ORLEANS,LA,,V,,
815,1.74,1.46,2.05,0.31,15,10-3-Digit Zip,20-Mkt area,10,25,,,,MILWAUKEE,WI,,ATLANTA,GA,,V,,
94,3.41,2.89,4.09,0.31,15,10-3-Digit Zip,10-3-Digit Zip,8,27,,,,MILWAUKEE,WI,,CHICAGO,IL,,V,,
1006,1.59,1.53,1.63,0.31,15,10-3-Digit Zip,20-Mkt area,10,29,,,,MILWAUKEE,WI,,DALLAS,TX,,V,,
2055,0.98,0.80,1.23,0.31,15,10-3-Digit Zip,20-Mkt area,6,11,,,,MILWAUKEE,WI,,LOS ANGELES,CA,,V,,
851,2.14,2.04,2.44,0.31,15,10-3-Digit Zip,20-Mkt area,7,17,,,,MILWAUKEE,WI,,PHILADELPHIA,PA,,V,,
1991,1.55,1.40,1.73,0.31,15,20-Mkt area,20-Mkt area,11,25,,,,MILWAUKEE,WI,,SEATTLE,WA,,V,,
1177,1.45,1.31,1.79,0.31,15,10-3-Digit Zip,20-Mkt area,6,11,,,,MILWAUKEE,WI,,HOUSTON,TX,,V,,
336,2.16,1.99,2.47,0.31,15,10-3-Digit Zip,10-3-Digit Zip,3,14,,,,MILWAUKEE,WI,,MINNEAPOLIS,MN,,V,,
623,1.58,1.37,1.83,0.31,15,20-Mkt area,20-Mkt area,16,35,,,,MILWAUKEE,WI,,MEMPHIS,TN,,V,,
452,1.75,1.68,1.91,0.31,15,10-3-Digit Zip,20-Mkt area,6,17,,,,MILWAUKEE,WI,,COLUMBUS,OH,,V,,
396,1.96,1.82,2.10,0.31,15,20-Mkt area,20-Mkt area,18,55,,,,MILWAUKEE,WI,,LOUISVILLE,KY,,V,,
869,1.96,1.76,2.32,0.31,15,20-Mkt area,20-Mkt area,16,55,,,,MILWAUKEE,WI,,CHARLOTTE,NC,,V,,
384,2.23,1.93,2.41,0.31,15,10-3-Digit Zip,20-Mkt area,12,27,,,,MILWAUKEE,WI,,DETROIT,MI,,V,,
376,1.77,1.65,1.78,0.31,15,10-3-Digit Zip,20-Mkt area,6,29,,,,MILWAUKEE,WI,,ST LOUIS,MO,,V,,
792,2.29,2.28,2.59,0.31,15,10-3-Digit Zip,20-Mkt area,3,15,,,,MILWAUKEE,WI,,BALTIMORE,MD,,V,,
1165,1.58,1.47,1.59,0.31,15,20-Mkt area,20-Mkt area,6,16,,,,MILWAUKEE,WI,,JACKSONVILLE,FL,,V,,
1016,1.71,1.49,1.98,0.31,15,20-Mkt area,20-Mkt area,8,19,,,,MILWAUKEE,WI,,NEW ORLEANS,LA,,V,,
345,0.96,0.70,0.97,0.31,15,10-3-Digit Zip,10-3-Digit Zip,15,68,,,,JACKSONVILLE,FL,,ATLANTA,GA,,V,,
1065,0.70,0.57,0.75,0.31,15,10-3-Digit Zip,20-Mkt area,11,26,,,,JACKSONVILLE,FL,,CHICAGO,IL,,V,,
997,1.08,0.90,1.37,0.31,15,10-3-Digit Zip,20-Mkt area,14,55,,,,JACKSONVILLE,FL,,DALLAS,TX,,V,,
2414,0.88,0.86,0.96,0.31,15,10-3-Digit Zip,20-Mkt area,4,13,,,,JACKSONVILLE,FL,,LOS ANGELES,CA,,V,,
853,1.39,1.24,1.53,0.31,15,20-Mkt area,20-Mkt area,12,28,,,,JACKSONVILLE,FL,,PHILADELPHIA,PA,,V,,
3020,1.15,0.95,1.30,0.31,15,20-Mkt area,20-Mkt area,6,8,,,,JACKSONVILLE,FL,,SEATTLE,WA,,V,,
870,0.95,0.70,1.26,0.31,15,10-3-Digit Zip,20-Mkt area,10,19,,,,JACKSONVILLE,FL,,HOUSTON,TX,,V,,
1476,0.85,0.78,0.95,0.31,15,10-3-Digit Zip,20-Mkt area,8,15,,,,JACKSONVILLE,FL,,MINNEAPOLIS,MN,,V,,
690,0.75,0.69,0.82,0.31,15,10-3-Digit Zip,20-Mkt area,13,35,,,,JACKSONVILLE,FL,,MEMPHIS,TN,,V,,
808,0.95,0.84,0.96,0.31,15,10-3-Digit Zip,20-Mkt area,10,62,,,,JACKSONVILLE,FL,,COLUMBUS,OH,,V,,
770,0.91,0.83,0.92,0.31,15,10-3-Digit Zip,20-Mkt area,6,17,,,,JACKSONVILLE,FL,,LOUISVILLE,KY,,V,,
385,1.02,0.91,1.23,0.31,15,10-3-Digit Zip,10-3-Digit Zip,15,63,,,,JACKSONVILLE,FL,,CHARLOTTE,NC,,V,,
1001,1.09,0.94,1.34,0.31,15,10-3-Digit Zip,20-Mkt area,7,16,,,,JACKSONVILLE,FL,,DETROIT,MI,,V,,
901,0.93,0.88,1.08,0.31,15,10-3-Digit Zip,20-Mkt area,6,25,,,,JACKSONVILLE,FL,,ST LOUIS,MO,,V,,
756,1.22,1.05,1.31,0.31,15,20-Mkt area,20-Mkt area,11,22,,,,JACKSONVILLE,FL,,BALTIMORE,MD,,V,,
1165,0.80,0.65,0.93,0.31,15,20-Mkt area,20-Mkt area,6,15,,,,JACKSONVILLE,FL,,MILWAUKEE,WI,,V,,
546,1.18,0.86,1.19,0.31,15,10-3-Digit Zip,20-Mkt area,5,17,,,,JACKSONVILLE,FL,,NEW ORLEANS,LA,,V,,
467,1.86,1.73,1.94,0.31,15,10-3-Digit Zip,10-3-Digit Zip,7,16,,,,NEW ORLEANS,LA,,ATLANTA,GA,,V,,
923,1.35,1.18,1.49,0.31,15,20-Mkt area,20-Mkt area,28,104,,,,NEW ORLEANS,LA,,CHICAGO,IL,,V,,
506,1.34,1.24,1.48,0.31,15,10-3-Digit Zip,20-Mkt area,14,40,,,,NEW ORLEANS,LA,,DALLAS,TX,,V,,
1891,1.23,1.13,1.34,0.31,15,20-Mkt area,20-Mkt area,9,24,,,,NEW ORLEANS,LA,,LOS ANGELES,CA,,V,,
1219,1.66,1.61,1.74,0.31,15,20-Mkt area,20-Mkt area,17,63,,,,NEW ORLEANS,LA,,PHILADELPHIA,PA,,V,,
2703,1.84,1.50,2.15,0.31,30,20-Mkt area,20-Mkt area,4,8,,,,NEW ORLEANS,LA,,SEATTLE,WA,,V,,
348,1.63,1.43,2.06,0.31,15,10-3-Digit Zip,10-3-Digit Zip,7,20,,,,NEW ORLEANS,LA,,HOUSTON,TX,,V,,
1219,1.33,1.15,1.42,0.31,15,20-Mkt area,20-Mkt area,6,24,,,,NEW ORLEANS,LA,,MINNEAPOLIS,MN,,V,,
395,1.29,1.10,1.38,0.31,15,20-Mkt area,20-Mkt area,30,133,,,,NEW ORLEANS,LA,,MEMPHIS,TN,,V,,
909,1.32,1.25,1.38,0.31,15,20-Mkt area,20-Mkt area,16,30,,,,NEW ORLEANS,LA,,COLUMBUS,OH,,V,,
705,1.47,1.40,1.57,0.31,15,20-Mkt area,20-Mkt area,10,22,,,,NEW ORLEANS,LA,,LOUISVILLE,KY,,V,,
716,1.47,1.30,1.57,0.31,15,20-Mkt area,20-Mkt area,23,93,,,,NEW ORLEANS,LA,,CHARLOTTE,NC,,V,,
1064,1.30,1.18,1.44,0.31,15,20-Mkt area,20-Mkt area,13,25,,,,NEW ORLEANS,LA,,DETROIT,MI,,V,,
676,1.28,1.15,1.50,0.31,15,20-Mkt area,20-Mkt area,14,31,,,,NEW ORLEANS,LA,,ST LOUIS,MO,,V,,
1121,1.64,1.56,1.71,0.31,15,10-3-Digit Zip,20-Mkt area,3,11,,,,NEW ORLEANS,LA,,BALTIMORE,MD,,V,,
1016,1.24,1.18,1.32,0.31,15,20-Mkt area,20-Mkt area,12,25,,,,NEW ORLEANS,LA,,MILWAUKEE,WI,,V,,
546,1.71,1.61,1.78,0.31,15,10-3-Digit Zip,10-3-Digit Zip,5,22,,,,NEW ORLEANS,LA,,JACKSONVILLE,FL,,V,,